[
  { "inputs": [], "stateMutability": "nonpayable", "type": "constructor" },
  {
    "anonymous": false,
    "inputs": [
      {
        "indexed": false,
        "internalType": "uint256",
        "name": "id",
        "type": "uint256"
      },
      {
        "indexed": false,
        "internalType": "string",
        "name": "name",
        "type": "string"
      },
      {
        "indexed": false,
        "internalType": "string",
        "name": "description",
        "type": "string"
      },
      {
        "indexed": false,
        "internalType": "uint256",
        "name": "closedAt",
        "type": "uint256"
      },
      {
        "indexed": false,
        "internalType": "uint256",
        "name": "timestamp",
        "type": "uint256"
      }
    ],
    "name": "PoolCreated",
    "type": "event"
  },
  {
    "anonymous": false,
    "inputs": [
      {
        "indexed": false,
        "internalType": "uint256",
        "name": "id",
        "type": "uint256"
      },
      {
        "indexed": false,
        "internalType": "uint256",
        "name": "cadidateId",
        "type": "uint256"
      },
      {
        "indexed": false,
        "internalType": "string",
        "name": "name",
        "type": "string"
      },
      {
        "indexed": false,
        "internalType": "address",
        "name": "voter",
        "type": "address"
      },
      {
        "indexed": false,
        "internalType": "uint256",
        "name": "timestamp",
        "type": "uint256"
      }
    ],
    "name": "PoolVoted",
    "type": "event"
  },
  {
    "inputs": [
      { "internalType": "address", "name": "newOwner", "type": "address" }
    ],
    "name": "changeOwner",
    "outputs": [],
    "stateMutability": "nonpayable",
    "type": "function"
  },
  {
    "inputs": [
      { "internalType": "string", "name": "name", "type": "string" },
      { "internalType": "string", "name": "description", "type": "string" },
      { "internalType": "string[]", "name": "_cadidates", "type": "string[]" },
      { "internalType": "uint256", "name": "closedAt", "type": "uint256" }
    ],
    "name": "createPool",
    "outputs": [],
    "stateMutability": "nonpayable",
    "type": "function"
  },
  {
    "inputs": [
      { "internalType": "uint256", "name": "poolId", "type": "uint256" }
    ],
    "name": "getCandidates",
    "outputs": [
      {
        "components": [
          { "internalType": "uint256", "name": "id", "type": "uint256" },
          { "internalType": "string", "name": "name", "type": "string" },
          { "internalType": "uint256", "name": "votes", "type": "uint256" },
          { "internalType": "address[]", "name": "voters", "type": "address[]" }
        ],
        "internalType": "struct Candidate[]",
        "name": "",
        "type": "tuple[]"
      }
    ],
    "stateMutability": "view",
    "type": "function"
  },
  {
    "inputs": [
      { "internalType": "uint256", "name": "poolId", "type": "uint256" }
    ],
    "name": "getPool",
    "outputs": [
      {
        "components": [
          { "internalType": "uint256", "name": "id", "type": "uint256" },
          { "internalType": "string", "name": "name", "type": "string" },
          { "internalType": "string", "name": "description", "type": "string" },
          { "internalType": "uint256", "name": "createdAt", "type": "uint256" },
          { "internalType": "uint256", "name": "closedAt", "type": "uint256" },
          {
            "internalType": "uint256",
            "name": "totalVotes",
            "type": "uint256"
          },
          { "internalType": "address", "name": "createdBy", "type": "address" }
        ],
        "internalType": "struct Pool",
        "name": "",
        "type": "tuple"
      }
    ],
    "stateMutability": "view",
    "type": "function"
  },
  {
    "inputs": [],
    "name": "getPoolList",
    "outputs": [
      {
        "components": [
          { "internalType": "uint256", "name": "id", "type": "uint256" },
          { "internalType": "string", "name": "name", "type": "string" },
          { "internalType": "string", "name": "description", "type": "string" },
          { "internalType": "uint256", "name": "createdAt", "type": "uint256" },
          { "internalType": "uint256", "name": "closedAt", "type": "uint256" },
          {
            "internalType": "uint256",
            "name": "totalVotes",
            "type": "uint256"
          },
          { "internalType": "address", "name": "createdBy", "type": "address" }
        ],
        "internalType": "struct Pool[]",
        "name": "",
        "type": "tuple[]"
      }
    ],
    "stateMutability": "view",
    "type": "function"
  },
  {
    "inputs": [],
    "name": "isOwner",
    "outputs": [{ "internalType": "bool", "name": "", "type": "bool" }],
    "stateMutability": "view",
    "type": "function"
  },
  {
    "inputs": [],
    "name": "owner",
    "outputs": [{ "internalType": "address", "name": "", "type": "address" }],
    "stateMutability": "view",
    "type": "function"
  },
  {
    "inputs": [
      { "internalType": "uint256", "name": "poolId", "type": "uint256" },
      { "internalType": "uint256", "name": "candidateId", "type": "uint256" }
    ],
    "name": "vote",
    "outputs": [],
    "stateMutability": "nonpayable",
    "type": "function"
  }
]
